-- MySQL dump 10.13  Distrib 8.0.21, for Win64 (x86_64)
--
-- Host: localhost    Database: quanlymulticampus
-- ------------------------------------------------------
-- Server version	8.0.21

/*!40101 SET @OLD_CHARACTER_SET_CLIENT=@@CHARACTER_SET_CLIENT */;
/*!40101 SET @OLD_CHARACTER_SET_RESULTS=@@CHARACTER_SET_RESULTS */;
/*!40101 SET @OLD_COLLATION_CONNECTION=@@COLLATION_CONNECTION */;
/*!50503 SET NAMES utf8 */;
/*!40103 SET @OLD_TIME_ZONE=@@TIME_ZONE */;
/*!40103 SET TIME_ZONE='+00:00' */;
/*!40014 SET @OLD_UNIQUE_CHECKS=@@UNIQUE_CHECKS, UNIQUE_CHECKS=0 */;
/*!40014 SET @OLD_FOREIGN_KEY_CHECKS=@@FOREIGN_KEY_CHECKS, FOREIGN_KEY_CHECKS=0 */;
/*!40101 SET @OLD_SQL_MODE=@@SQL_MODE, SQL_MODE='NO_AUTO_VALUE_ON_ZERO' */;
/*!40111 SET @OLD_SQL_NOTES=@@SQL_NOTES, SQL_NOTES=0 */;

--
-- Table structure for table `buoihoc`
--

DROP TABLE IF EXISTS `buoihoc`;
/*!40101 SET @saved_cs_client     = @@character_set_client */;
/*!50503 SET character_set_client = utf8mb4 */;
CREATE TABLE `buoihoc` (
  `maBH` varchar(10) NOT NULL,
  `maCT` varchar(10) NOT NULL,
  `tenMon` varchar(30) NOT NULL,
  `batDau` date DEFAULT NULL,
  `ketThuc` date DEFAULT NULL,
  PRIMARY KEY (`maBH`,`maCT`,`tenMon`),
  KEY `maCT` (`maCT`,`tenMon`),
  CONSTRAINT `buoihoc_ibfk_1` FOREIGN KEY (`maCT`, `tenMon`) REFERENCES `mon` (`maCT`, `tenMon`) ON UPDATE CASCADE
) ENGINE=InnoDB DEFAULT CHARSET=utf8mb4 COLLATE=utf8mb4_0900_ai_ci;
/*!40101 SET character_set_client = @saved_cs_client */;

--
-- Dumping data for table `buoihoc`
--

LOCK TABLES `buoihoc` WRITE;
/*!40000 ALTER TABLE `buoihoc` DISABLE KEYS */;
INSERT INTO `buoihoc` VALUES ('BH001','CT1','LAP TRINH JAVA','2020-06-06','2020-07-06'),('BH001','CT2','DINH LUAT XA GAN','2020-06-06','2020-07-06'),('BH001','CT4','LAP TRINH JAVA','2020-06-06','2020-07-06'),('BH002','CT1','LAP TRINH JAVA','2020-06-06','2020-07-06'),('BH002','CT2','DINH LUAT XA GAN','2020-06-06','2020-07-06'),('BH002','CT3','VAN HOA HAN QUOC','2020-06-06','2020-07-06'),('BH002','CT4','TOAN ROI RAC','2020-06-06','2020-07-06'),('BH003','CT1','LAP TRINH JAVA','2020-06-06','2020-07-06'),('BH003','CT2','DINH LUAT XA GAN','2020-06-06','2020-07-06'),('BH003','CT3','VAN HOA HAN QUOC','2020-06-06','2020-07-06'),('BH003','CT4','LAP TRINH JAVA','2020-06-06','2020-07-06'),('BH003','CT5','TIENG ANH CHUYEN NGANH','2020-06-06','2020-07-06'),('BH004','CT1','LAP TRINH JAVA','2020-06-06','2020-07-06'),('BH004','CT2','DINH LUAT XA GAN','2020-06-06','2020-07-06'),('BH004','CT3','VAN HOA HAN QUOC','2020-06-06','2020-07-06'),('BH004','CT4','LAP TRINH JAVA','2020-06-06','2020-07-06'),('BH004','CT5','TIENG ANH CHUYEN NGANH','2020-06-06','2020-07-06'),('BH005','CT2','DINH LUAT XA GAN','2020-06-06','2020-07-06'),('BH005','CT4','TOAN ROI RAC','2020-06-06','2020-07-06'),('BH005','CT5','TIENG ANH CHUYEN NGANH','2020-06-06','2020-07-06'),('BH011','CT1','LAP TRINH PYTHON','2020-06-06','2020-07-06'),('BH012','CT1','LAP TRINH PYTHON','2020-06-06','2020-07-06'),('BH013','CT1','LAP TRINH PYTHON','2020-06-06','2020-07-06'),('BH014','CT1','LAP TRINH PYTHON','2020-06-06','2020-07-06'),('BH015','CT1','LAP TRINH PYTHON','2020-06-06','2020-07-06');
/*!40000 ALTER TABLE `buoihoc` ENABLE KEYS */;
UNLOCK TABLES;

--
-- Table structure for table `chuongtrinh`
--

DROP TABLE IF EXISTS `chuongtrinh`;
/*!40101 SET @saved_cs_client     = @@character_set_client */;
/*!50503 SET character_set_client = utf8mb4 */;
CREATE TABLE `chuongtrinh` (
  `maCT` varchar(10) NOT NULL,
  `tenCT` varchar(30) NOT NULL,
  `mucTieu` varchar(255) NOT NULL,
  `maNV` varchar(10) NOT NULL,
  PRIMARY KEY (`maCT`),
  KEY `maNV` (`maNV`),
  CONSTRAINT `chuongtrinh_ibfk_1` FOREIGN KEY (`maNV`) REFERENCES `nhanvien` (`maNV`) ON UPDATE CASCADE
) ENGINE=InnoDB DEFAULT CHARSET=utf8mb4 COLLATE=utf8mb4_0900_ai_ci;
/*!40101 SET character_set_client = @saved_cs_client */;

--
-- Dumping data for table `chuongtrinh`
--

LOCK TABLES `chuongtrinh` WRITE;
/*!40000 ALTER TABLE `chuongtrinh` DISABLE KEYS */;
INSERT INTO `chuongtrinh` VALUES ('CT1','CHUONG TRINH 1','DAO TAO KY SU CNTT','NV1'),('CT2','CHUONG TRINH 2','DAO TAO HOA SI','NV2'),('CT3','CHUONG TRINH 3','DAO TAO TIENG HAN','NV2'),('CT4','CHUONG TRINH 4','DAO TAO KY SU AL','NV3'),('CT5','CHUONG TRINH 5','DAO TAO TIENG ANH','NV1');
/*!40000 ALTER TABLE `chuongtrinh` ENABLE KEYS */;
UNLOCK TABLES;

--
-- Table structure for table `day`
--

DROP TABLE IF EXISTS `day`;
/*!40101 SET @saved_cs_client     = @@character_set_client */;
/*!50503 SET character_set_client = utf8mb4 */;
CREATE TABLE `day` (
  `maGV` varchar(10) NOT NULL,
  `maBH` varchar(10) NOT NULL,
  `maCT` varchar(10) NOT NULL,
  `tenMon` varchar(30) NOT NULL,
  `maHV` varchar(10) NOT NULL,
  `maGVTG` varchar(10) DEFAULT NULL,
  PRIMARY KEY (`maBH`,`tenMon`,`maCT`,`maHV`,`maGV`),
  KEY `maGVTG` (`maGVTG`),
  KEY `maGV` (`maGV`),
  KEY `maBH` (`maBH`,`maCT`,`tenMon`,`maHV`),
  CONSTRAINT `day_ibfk_1` FOREIGN KEY (`maGVTG`) REFERENCES `giaovien` (`maGV`) ON UPDATE CASCADE,
  CONSTRAINT `day_ibfk_2` FOREIGN KEY (`maGV`) REFERENCES `giaovien` (`maGV`) ON UPDATE CASCADE,
  CONSTRAINT `day_ibfk_3` FOREIGN KEY (`maBH`, `maCT`, `tenMon`, `maHV`) REFERENCES `thamgiahoc` (`maBH`, `maCT`, `tenMon`, `maHV`) ON UPDATE CASCADE
) ENGINE=InnoDB DEFAULT CHARSET=utf8mb4 COLLATE=utf8mb4_0900_ai_ci;
/*!40101 SET character_set_client = @saved_cs_client */;

--
-- Dumping data for table `day`
--

LOCK TABLES `day` WRITE;
/*!40000 ALTER TABLE `day` DISABLE KEYS */;
INSERT INTO `day` VALUES ('GV2','BH001','CT2','DINH LUAT XA GAN','HV1',NULL),('GV2','BH001','CT2','DINH LUAT XA GAN','HV11',NULL),('GV2','BH001','CT2','DINH LUAT XA GAN','HV13',NULL),('GV2','BH001','CT2','DINH LUAT XA GAN','HV17',NULL),('GV2','BH001','CT2','DINH LUAT XA GAN','HV19',NULL),('GV2','BH001','CT2','DINH LUAT XA GAN','HV21',NULL),('GV2','BH001','CT2','DINH LUAT XA GAN','HV23',NULL),('GV2','BH001','CT2','DINH LUAT XA GAN','HV27',NULL),('GV2','BH001','CT2','DINH LUAT XA GAN','HV29',NULL),('GV2','BH001','CT2','DINH LUAT XA GAN','HV3',NULL),('GV2','BH001','CT2','DINH LUAT XA GAN','HV7',NULL),('GV2','BH001','CT2','DINH LUAT XA GAN','HV9',NULL),('GV2','BH002','CT2','DINH LUAT XA GAN','HV1',NULL),('GV2','BH002','CT2','DINH LUAT XA GAN','HV11',NULL),('GV2','BH002','CT2','DINH LUAT XA GAN','HV13',NULL),('GV2','BH002','CT2','DINH LUAT XA GAN','HV17',NULL),('GV2','BH002','CT2','DINH LUAT XA GAN','HV19',NULL),('GV2','BH002','CT2','DINH LUAT XA GAN','HV21',NULL),('GV2','BH002','CT2','DINH LUAT XA GAN','HV23',NULL),('GV2','BH002','CT2','DINH LUAT XA GAN','HV27',NULL),('GV2','BH002','CT2','DINH LUAT XA GAN','HV29',NULL),('GV2','BH002','CT2','DINH LUAT XA GAN','HV3',NULL),('GV2','BH002','CT2','DINH LUAT XA GAN','HV7',NULL),('GV2','BH002','CT2','DINH LUAT XA GAN','HV9',NULL),('GV4','BH002','CT4','TOAN ROI RAC','HV10',NULL),('GV4','BH002','CT4','TOAN ROI RAC','HV14',NULL),('GV4','BH002','CT4','TOAN ROI RAC','HV20',NULL),('GV4','BH002','CT4','TOAN ROI RAC','HV24',NULL),('GV4','BH002','CT4','TOAN ROI RAC','HV30',NULL),('GV4','BH002','CT4','TOAN ROI RAC','HV4',NULL),('GV3','BH002','CT3','VAN HOA HAN QUOC','HV15',NULL),('GV3','BH002','CT3','VAN HOA HAN QUOC','HV25',NULL),('GV3','BH002','CT3','VAN HOA HAN QUOC','HV5',NULL),('GV2','BH003','CT2','DINH LUAT XA GAN','HV1',NULL),('GV2','BH003','CT2','DINH LUAT XA GAN','HV11',NULL),('GV2','BH003','CT2','DINH LUAT XA GAN','HV13',NULL),('GV2','BH003','CT2','DINH LUAT XA GAN','HV17',NULL),('GV2','BH003','CT2','DINH LUAT XA GAN','HV19',NULL),('GV2','BH003','CT2','DINH LUAT XA GAN','HV21',NULL),('GV2','BH003','CT2','DINH LUAT XA GAN','HV23',NULL),('GV2','BH003','CT2','DINH LUAT XA GAN','HV27',NULL),('GV2','BH003','CT2','DINH LUAT XA GAN','HV29',NULL),('GV2','BH003','CT2','DINH LUAT XA GAN','HV3',NULL),('GV2','BH003','CT2','DINH LUAT XA GAN','HV7',NULL),('GV2','BH003','CT2','DINH LUAT XA GAN','HV9',NULL),('GV3','BH003','CT5','TIENG ANH CHUYEN NGANH','HV16',NULL),('GV3','BH003','CT5','TIENG ANH CHUYEN NGANH','HV26',NULL),('GV3','BH003','CT5','TIENG ANH CHUYEN NGANH','HV6',NULL),('GV3','BH003','CT3','VAN HOA HAN QUOC','HV15',NULL),('GV3','BH003','CT3','VAN HOA HAN QUOC','HV25',NULL),('GV3','BH003','CT3','VAN HOA HAN QUOC','HV5',NULL),('GV2','BH004','CT2','DINH LUAT XA GAN','HV1',NULL),('GV2','BH004','CT2','DINH LUAT XA GAN','HV11',NULL),('GV2','BH004','CT2','DINH LUAT XA GAN','HV13',NULL),('GV2','BH004','CT2','DINH LUAT XA GAN','HV17',NULL),('GV2','BH004','CT2','DINH LUAT XA GAN','HV19',NULL),('GV2','BH004','CT2','DINH LUAT XA GAN','HV21',NULL),('GV2','BH004','CT2','DINH LUAT XA GAN','HV23',NULL),('GV2','BH004','CT2','DINH LUAT XA GAN','HV27',NULL),('GV2','BH004','CT2','DINH LUAT XA GAN','HV29',NULL),('GV2','BH004','CT2','DINH LUAT XA GAN','HV3',NULL),('GV2','BH004','CT2','DINH LUAT XA GAN','HV7',NULL),('GV2','BH004','CT2','DINH LUAT XA GAN','HV9',NULL),('GV3','BH004','CT5','TIENG ANH CHUYEN NGANH','HV16',NULL),('GV3','BH004','CT5','TIENG ANH CHUYEN NGANH','HV26',NULL),('GV3','BH004','CT5','TIENG ANH CHUYEN NGANH','HV6',NULL),('GV3','BH004','CT3','VAN HOA HAN QUOC','HV15',NULL),('GV3','BH004','CT3','VAN HOA HAN QUOC','HV25',NULL),('GV3','BH004','CT3','VAN HOA HAN QUOC','HV5',NULL),('GV2','BH005','CT2','DINH LUAT XA GAN','HV1',NULL),('GV2','BH005','CT2','DINH LUAT XA GAN','HV11',NULL),('GV2','BH005','CT2','DINH LUAT XA GAN','HV13',NULL),('GV2','BH005','CT2','DINH LUAT XA GAN','HV17',NULL),('GV2','BH005','CT2','DINH LUAT XA GAN','HV19',NULL),('GV2','BH005','CT2','DINH LUAT XA GAN','HV21',NULL),('GV2','BH005','CT2','DINH LUAT XA GAN','HV23',NULL),('GV2','BH005','CT2','DINH LUAT XA GAN','HV27',NULL),('GV2','BH005','CT2','DINH LUAT XA GAN','HV29',NULL),('GV2','BH005','CT2','DINH LUAT XA GAN','HV3',NULL),('GV2','BH005','CT2','DINH LUAT XA GAN','HV7',NULL),('GV2','BH005','CT2','DINH LUAT XA GAN','HV9',NULL),('GV3','BH005','CT5','TIENG ANH CHUYEN NGANH','HV16',NULL),('GV3','BH005','CT5','TIENG ANH CHUYEN NGANH','HV26',NULL),('GV3','BH005','CT5','TIENG ANH CHUYEN NGANH','HV6',NULL),('GV4','BH005','CT4','TOAN ROI RAC','HV10',NULL),('GV4','BH005','CT4','TOAN ROI RAC','HV14',NULL),('GV4','BH005','CT4','TOAN ROI RAC','HV20',NULL),('GV4','BH005','CT4','TOAN ROI RAC','HV24',NULL),('GV4','BH005','CT4','TOAN ROI RAC','HV30',NULL),('GV4','BH005','CT4','TOAN ROI RAC','HV4',NULL),('GV5','BH001','CT4','LAP TRINH JAVA','HV10','GV4'),('GV5','BH001','CT4','LAP TRINH JAVA','HV14','GV4'),('GV5','BH001','CT4','LAP TRINH JAVA','HV20','GV4'),('GV5','BH001','CT4','LAP TRINH JAVA','HV24','GV4'),('GV5','BH001','CT4','LAP TRINH JAVA','HV30','GV4'),('GV5','BH001','CT4','LAP TRINH JAVA','HV4','GV4'),('GV5','BH003','CT4','LAP TRINH JAVA','HV10','GV4'),('GV5','BH003','CT4','LAP TRINH JAVA','HV14','GV4'),('GV5','BH003','CT4','LAP TRINH JAVA','HV20','GV4'),('GV5','BH003','CT4','LAP TRINH JAVA','HV24','GV4'),('GV5','BH003','CT4','LAP TRINH JAVA','HV30','GV4'),('GV5','BH003','CT4','LAP TRINH JAVA','HV4','GV4'),('GV5','BH004','CT4','LAP TRINH JAVA','HV10','GV4'),('GV5','BH004','CT4','LAP TRINH JAVA','HV14','GV4'),('GV5','BH004','CT4','LAP TRINH JAVA','HV20','GV4'),('GV5','BH004','CT4','LAP TRINH JAVA','HV24','GV4'),('GV5','BH004','CT4','LAP TRINH JAVA','HV30','GV4'),('GV5','BH004','CT4','LAP TRINH JAVA','HV4','GV4'),('GV1','BH001','CT1','LAP TRINH JAVA','HV1','GV5'),('GV1','BH001','CT1','LAP TRINH JAVA','HV11','GV5'),('GV1','BH001','CT1','LAP TRINH JAVA','HV12','GV5'),('GV1','BH001','CT1','LAP TRINH JAVA','HV17','GV5'),('GV1','BH001','CT1','LAP TRINH JAVA','HV18','GV5'),('GV1','BH001','CT1','LAP TRINH JAVA','HV2','GV5'),('GV1','BH001','CT1','LAP TRINH JAVA','HV21','GV5'),('GV1','BH001','CT1','LAP TRINH JAVA','HV22','GV5'),('GV1','BH001','CT1','LAP TRINH JAVA','HV27','GV5'),('GV1','BH001','CT1','LAP TRINH JAVA','HV28','GV5'),('GV1','BH001','CT1','LAP TRINH JAVA','HV7','GV5'),('GV1','BH001','CT1','LAP TRINH JAVA','HV8','GV5'),('GV1','BH002','CT1','LAP TRINH JAVA','HV1','GV5'),('GV1','BH002','CT1','LAP TRINH JAVA','HV11','GV5'),('GV1','BH002','CT1','LAP TRINH JAVA','HV12','GV5'),('GV1','BH002','CT1','LAP TRINH JAVA','HV17','GV5'),('GV1','BH002','CT1','LAP TRINH JAVA','HV18','GV5'),('GV1','BH002','CT1','LAP TRINH JAVA','HV2','GV5'),('GV1','BH002','CT1','LAP TRINH JAVA','HV21','GV5'),('GV1','BH002','CT1','LAP TRINH JAVA','HV22','GV5'),('GV1','BH002','CT1','LAP TRINH JAVA','HV27','GV5'),('GV1','BH002','CT1','LAP TRINH JAVA','HV28','GV5'),('GV1','BH002','CT1','LAP TRINH JAVA','HV7','GV5'),('GV1','BH002','CT1','LAP TRINH JAVA','HV8','GV5'),('GV1','BH003','CT1','LAP TRINH JAVA','HV1','GV5'),('GV1','BH003','CT1','LAP TRINH JAVA','HV11','GV5'),('GV1','BH003','CT1','LAP TRINH JAVA','HV12','GV5'),('GV1','BH003','CT1','LAP TRINH JAVA','HV17','GV5'),('GV1','BH003','CT1','LAP TRINH JAVA','HV18','GV5'),('GV1','BH003','CT1','LAP TRINH JAVA','HV2','GV5'),('GV1','BH003','CT1','LAP TRINH JAVA','HV21','GV5'),('GV1','BH003','CT1','LAP TRINH JAVA','HV22','GV5'),('GV1','BH003','CT1','LAP TRINH JAVA','HV27','GV5'),('GV1','BH003','CT1','LAP TRINH JAVA','HV28','GV5'),('GV1','BH003','CT1','LAP TRINH JAVA','HV7','GV5'),('GV1','BH003','CT1','LAP TRINH JAVA','HV8','GV5'),('GV1','BH004','CT1','LAP TRINH JAVA','HV1','GV5'),('GV1','BH004','CT1','LAP TRINH JAVA','HV11','GV5'),('GV1','BH004','CT1','LAP TRINH JAVA','HV12','GV5'),('GV1','BH004','CT1','LAP TRINH JAVA','HV17','GV5'),('GV1','BH004','CT1','LAP TRINH JAVA','HV18','GV5'),('GV1','BH004','CT1','LAP TRINH JAVA','HV2','GV5'),('GV1','BH004','CT1','LAP TRINH JAVA','HV21','GV5'),('GV1','BH004','CT1','LAP TRINH JAVA','HV22','GV5'),('GV1','BH004','CT1','LAP TRINH JAVA','HV27','GV5'),('GV1','BH004','CT1','LAP TRINH JAVA','HV28','GV5'),('GV1','BH004','CT1','LAP TRINH JAVA','HV7','GV5'),('GV1','BH004','CT1','LAP TRINH JAVA','HV8','GV5'),('GV1','BH011','CT1','LAP TRINH PYTHON','HV1','GV5'),('GV1','BH011','CT1','LAP TRINH PYTHON','HV11','GV5'),('GV1','BH011','CT1','LAP TRINH PYTHON','HV12','GV5'),('GV1','BH011','CT1','LAP TRINH PYTHON','HV17','GV5'),('GV1','BH011','CT1','LAP TRINH PYTHON','HV18','GV5'),('GV1','BH011','CT1','LAP TRINH PYTHON','HV2','GV5'),('GV1','BH011','CT1','LAP TRINH PYTHON','HV21','GV5'),('GV1','BH011','CT1','LAP TRINH PYTHON','HV22','GV5'),('GV1','BH011','CT1','LAP TRINH PYTHON','HV27','GV5'),('GV1','BH011','CT1','LAP TRINH PYTHON','HV28','GV5'),('GV1','BH011','CT1','LAP TRINH PYTHON','HV7','GV5'),('GV1','BH011','CT1','LAP TRINH PYTHON','HV8','GV5'),('GV1','BH012','CT1','LAP TRINH PYTHON','HV1','GV5'),('GV1','BH012','CT1','LAP TRINH PYTHON','HV11','GV5'),('GV1','BH012','CT1','LAP TRINH PYTHON','HV12','GV5'),('GV1','BH012','CT1','LAP TRINH PYTHON','HV17','GV5'),('GV1','BH012','CT1','LAP TRINH PYTHON','HV18','GV5'),('GV1','BH012','CT1','LAP TRINH PYTHON','HV2','GV5'),('GV1','BH012','CT1','LAP TRINH PYTHON','HV21','GV5'),('GV1','BH012','CT1','LAP TRINH PYTHON','HV22','GV5'),('GV1','BH012','CT1','LAP TRINH PYTHON','HV27','GV5'),('GV1','BH012','CT1','LAP TRINH PYTHON','HV28','GV5'),('GV1','BH012','CT1','LAP TRINH PYTHON','HV7','GV5'),('GV1','BH012','CT1','LAP TRINH PYTHON','HV8','GV5'),('GV1','BH013','CT1','LAP TRINH PYTHON','HV1','GV5'),('GV1','BH013','CT1','LAP TRINH PYTHON','HV11','GV5'),('GV1','BH013','CT1','LAP TRINH PYTHON','HV12','GV5'),('GV1','BH013','CT1','LAP TRINH PYTHON','HV17','GV5'),('GV1','BH013','CT1','LAP TRINH PYTHON','HV18','GV5'),('GV1','BH013','CT1','LAP TRINH PYTHON','HV2','GV5'),('GV1','BH013','CT1','LAP TRINH PYTHON','HV21','GV5'),('GV1','BH013','CT1','LAP TRINH PYTHON','HV22','GV5'),('GV1','BH013','CT1','LAP TRINH PYTHON','HV27','GV5'),('GV1','BH013','CT1','LAP TRINH PYTHON','HV28','GV5'),('GV1','BH013','CT1','LAP TRINH PYTHON','HV7','GV5'),('GV1','BH013','CT1','LAP TRINH PYTHON','HV8','GV5'),('GV1','BH014','CT1','LAP TRINH PYTHON','HV1','GV5'),('GV1','BH014','CT1','LAP TRINH PYTHON','HV11','GV5'),('GV1','BH014','CT1','LAP TRINH PYTHON','HV12','GV5'),('GV1','BH014','CT1','LAP TRINH PYTHON','HV17','GV5'),('GV1','BH014','CT1','LAP TRINH PYTHON','HV18','GV5'),('GV1','BH014','CT1','LAP TRINH PYTHON','HV2','GV5'),('GV1','BH014','CT1','LAP TRINH PYTHON','HV21','GV5'),('GV1','BH014','CT1','LAP TRINH PYTHON','HV22','GV5'),('GV1','BH014','CT1','LAP TRINH PYTHON','HV27','GV5'),('GV1','BH014','CT1','LAP TRINH PYTHON','HV28','GV5'),('GV1','BH014','CT1','LAP TRINH PYTHON','HV7','GV5'),('GV1','BH014','CT1','LAP TRINH PYTHON','HV8','GV5'),('GV1','BH015','CT1','LAP TRINH PYTHON','HV1','GV5'),('GV1','BH015','CT1','LAP TRINH PYTHON','HV11','GV5'),('GV1','BH015','CT1','LAP TRINH PYTHON','HV12','GV5'),('GV1','BH015','CT1','LAP TRINH PYTHON','HV17','GV5'),('GV1','BH015','CT1','LAP TRINH PYTHON','HV18','GV5'),('GV1','BH015','CT1','LAP TRINH PYTHON','HV2','GV5'),('GV1','BH015','CT1','LAP TRINH PYTHON','HV21','GV5'),('GV1','BH015','CT1','LAP TRINH PYTHON','HV22','GV5'),('GV1','BH015','CT1','LAP TRINH PYTHON','HV27','GV5'),('GV1','BH015','CT1','LAP TRINH PYTHON','HV28','GV5'),('GV1','BH015','CT1','LAP TRINH PYTHON','HV7','GV5'),('GV1','BH015','CT1','LAP TRINH PYTHON','HV8','GV5');
/*!40000 ALTER TABLE `day` ENABLE KEYS */;
UNLOCK TABLES;

--
-- Table structure for table `giaovien`
--

DROP TABLE IF EXISTS `giaovien`;
/*!40101 SET @saved_cs_client     = @@character_set_client */;
/*!50503 SET character_set_client = utf8mb4 */;
CREATE TABLE `giaovien` (
  `maGV` varchar(10) NOT NULL,
  `tenGV` varchar(30) NOT NULL,
  `chuyenNganh` varchar(30) NOT NULL,
  `thamNien` int NOT NULL,
  PRIMARY KEY (`maGV`)
) ENGINE=InnoDB DEFAULT CHARSET=utf8mb4 COLLATE=utf8mb4_0900_ai_ci;
/*!40101 SET character_set_client = @saved_cs_client */;

--
-- Dumping data for table `giaovien`
--

LOCK TABLES `giaovien` WRITE;
/*!40000 ALTER TABLE `giaovien` DISABLE KEYS */;
INSERT INTO `giaovien` VALUES ('GV1','GIAO VIEN 1','CNTT',5),('GV2','GIAO VIEN 2','MYTHUAT',4),('GV3','GIAO VIEN 3','NGOAINGU',6),('GV4','GIAO VIEN 4','DTVT',0),('GV5','GIAO VIEN 5','CNTT',1);
/*!40000 ALTER TABLE `giaovien` ENABLE KEYS */;
UNLOCK TABLES;

--
-- Table structure for table `hocvien`
--

DROP TABLE IF EXISTS `hocvien`;
/*!40101 SET @saved_cs_client     = @@character_set_client */;
/*!50503 SET character_set_client = utf8mb4 */;
CREATE TABLE `hocvien` (
  `maHV` varchar(10) NOT NULL,
  `tenHV` varchar(30) NOT NULL,
  `diaChi` varchar(30) NOT NULL,
  `tuoi` int NOT NULL,
  PRIMARY KEY (`maHV`)
) ENGINE=InnoDB DEFAULT CHARSET=utf8mb4 COLLATE=utf8mb4_0900_ai_ci;
/*!40101 SET character_set_client = @saved_cs_client */;

--
-- Dumping data for table `hocvien`
--

LOCK TABLES `hocvien` WRITE;
/*!40000 ALTER TABLE `hocvien` DISABLE KEYS */;
INSERT INTO `hocvien` VALUES ('HV1','NGHIEM TUAN ANH','HA NOI',24),('HV10','NGUYEN HUONG GIANG','THAI BINH',29),('HV11','HOANG VAN GIAP','TUYEN QUANG',25),('HV12','NGUYEN DUC HIEU','TP.HCM',22),('HV13','NINH XUAN HUAN','LONG AN',22),('HV14','BUI THI THU HUONG','BAC LIEU',26),('HV15','VU VAN MINH','THANH HOA',25),('HV16','LE DUC NAM','BAC NINH',22),('HV17','HOANG THE NAM','BAC GIANG',22),('HV18','TRAN THU NGUYEN','NGHE AN',25),('HV19','NGUYEN HAI PHUONG','HA TINH',26),('HV2','DUONG TUAN ANH','HAI PHONG',22),('HV20','DO TOAN THANG','GIA LAI',26),('HV21','NGUYEN HONG THOM','VUNG TAU',24),('HV22','LE MINH TIEN','CA MAU',23),('HV23','NGUYEN DUC TRUONG','BINH DUONG',26),('HV24','HOANG ANH TU','BINH DINH',25),('HV25','NGUYEN DANG TRUA','BINH THUAN',21),('HV26','TRAN VAN PHUONG','NINH THUAT',22),('HV27','VU NGOC SANG','DONG NAI',22),('HV28','PHAM PHUONG NAM','DIEN BIEN',23),('HV29','LUU HAI SON','HOA BINH',22),('HV3','TRAN THANH BINH','NAM DINH',24),('HV30','VUONG DINH BAC','HAU GIANG',23),('HV4','HA VAN CHIEU','SON LA',23),('HV5','VU MANH CUONG','LAO CAI',24),('HV6','TRINH VAN DAI','HA NAM',21),('HV7','DO TIEN DAT','YEN BAI',22),('HV8','NGUYEN SY DINH','HUNG YEN',24),('HV9','PHAM THE DUY','HAI DUONG',23);
/*!40000 ALTER TABLE `hocvien` ENABLE KEYS */;
UNLOCK TABLES;

--
-- Temporary view structure for view `kq`
--

DROP TABLE IF EXISTS `kq`;
/*!50001 DROP VIEW IF EXISTS `kq`*/;
SET @saved_cs_client     = @@character_set_client;
/*!50503 SET character_set_client = utf8mb4 */;
/*!50001 CREATE VIEW `kq` AS SELECT 
 1 AS `maGV`,
 1 AS `luong`*/;
SET character_set_client = @saved_cs_client;

--
-- Table structure for table `mon`
--

DROP TABLE IF EXISTS `mon`;
/*!40101 SET @saved_cs_client     = @@character_set_client */;
/*!50503 SET character_set_client = utf8mb4 */;
CREATE TABLE `mon` (
  `maCT` varchar(10) NOT NULL,
  `tenMon` varchar(30) NOT NULL,
  `maMon` varchar(10) NOT NULL,
  `soTinChi` int NOT NULL,
  `rate` float NOT NULL,
  PRIMARY KEY (`maCT`,`tenMon`),
  CONSTRAINT `mon_ibfk_1` FOREIGN KEY (`maCT`) REFERENCES `chuongtrinh` (`maCT`) ON UPDATE CASCADE
) ENGINE=InnoDB DEFAULT CHARSET=utf8mb4 COLLATE=utf8mb4_0900_ai_ci;
/*!40101 SET character_set_client = @saved_cs_client */;

--
-- Dumping data for table `mon`
--

LOCK TABLES `mon` WRITE;
/*!40000 ALTER TABLE `mon` DISABLE KEYS */;
INSERT INTO `mon` VALUES ('CT1','LAP TRINH JAVA','MOO1',4,150000),('CT1','LAP TRINH PYTHON','MOO2',5,120000),('CT2','DINH LUAT XA GAN','MOO4',5,140000),('CT3','VAN HOA HAN QUOC','MOO6',3,100000),('CT4','LAP TRINH JAVA','MOO1',3,150000),('CT4','TOAN ROI RAC','MOO7',2,130000),('CT5','TIENG ANH CHUYEN NGANH','MOO9',3,150000);
/*!40000 ALTER TABLE `mon` ENABLE KEYS */;
UNLOCK TABLES;

--
-- Table structure for table `nhanvien`
--

DROP TABLE IF EXISTS `nhanvien`;
/*!40101 SET @saved_cs_client     = @@character_set_client */;
/*!50503 SET character_set_client = utf8mb4 */;
CREATE TABLE `nhanvien` (
  `maNV` varchar(10) NOT NULL,
  `tenNV` varchar(30) NOT NULL,
  `CMT` varchar(30) NOT NULL,
  `capBac` varchar(20) NOT NULL,
  `maNV_quanly` varchar(10) DEFAULT NULL,
  PRIMARY KEY (`maNV`),
  KEY `maNV_quanly` (`maNV_quanly`),
  CONSTRAINT `nhanvien_ibfk_1` FOREIGN KEY (`maNV_quanly`) REFERENCES `nhanvien` (`maNV`) ON DELETE SET NULL ON UPDATE CASCADE
) ENGINE=InnoDB DEFAULT CHARSET=utf8mb4 COLLATE=utf8mb4_0900_ai_ci;
/*!40101 SET character_set_client = @saved_cs_client */;

--
-- Dumping data for table `nhanvien`
--

LOCK TABLES `nhanvien` WRITE;
/*!40000 ALTER TABLE `nhanvien` DISABLE KEYS */;
INSERT INTO `nhanvien` VALUES ('NV1','NHAN VIEN A','123456','GIAM DOC',NULL),('NV2','NHAN VIEN B','123457','QUAN LY','NV1'),('NV3','NHAN VIEN C','123458','NHANVIEN3','NV2'),('NV4','NHAN VIEN D','123459','NHANVIEN4','NV1'),('NV5','NHAN VIEN E','123460','NHANVIEN5','NV2');
/*!40000 ALTER TABLE `nhanvien` ENABLE KEYS */;
UNLOCK TABLES;

--
-- Table structure for table `nv_sdt`
--

DROP TABLE IF EXISTS `nv_sdt`;
/*!40101 SET @saved_cs_client     = @@character_set_client */;
/*!50503 SET character_set_client = utf8mb4 */;
CREATE TABLE `nv_sdt` (
  `maNV` varchar(10) NOT NULL,
  `SDT` varchar(10) NOT NULL,
  PRIMARY KEY (`maNV`,`SDT`),
  CONSTRAINT `nv_sdt_ibfk_1` FOREIGN KEY (`maNV`) REFERENCES `nhanvien` (`maNV`) ON UPDATE CASCADE
) ENGINE=InnoDB DEFAULT CHARSET=utf8mb4 COLLATE=utf8mb4_0900_ai_ci;
/*!40101 SET character_set_client = @saved_cs_client */;

--
-- Dumping data for table `nv_sdt`
--

LOCK TABLES `nv_sdt` WRITE;
/*!40000 ALTER TABLE `nv_sdt` DISABLE KEYS */;
INSERT INTO `nv_sdt` VALUES ('NV1','0123456789'),('NV1','0123456799'),('NV1','0123656789'),('NV2','0123456781'),('NV2','0123496789'),('NV3','0123456789'),('NV3','0183456789'),('NV4','0123426789'),('NV5','0123451789'),('NV5','0123456789');
/*!40000 ALTER TABLE `nv_sdt` ENABLE KEYS */;
UNLOCK TABLES;

--
-- Table structure for table `phong`
--

DROP TABLE IF EXISTS `phong`;
/*!40101 SET @saved_cs_client     = @@character_set_client */;
/*!50503 SET character_set_client = utf8mb4 */;
CREATE TABLE `phong` (
  `maPhong` varchar(10) NOT NULL,
  `diaChi` varchar(30) NOT NULL,
  `loai` varchar(30) NOT NULL,
  `dientich` float NOT NULL,
  PRIMARY KEY (`maPhong`)
) ENGINE=InnoDB DEFAULT CHARSET=utf8mb4 COLLATE=utf8mb4_0900_ai_ci;
/*!40101 SET character_set_client = @saved_cs_client */;

--
-- Dumping data for table `phong`
--

LOCK TABLES `phong` WRITE;
/*!40000 ALTER TABLE `phong` DISABLE KEYS */;
INSERT INTO `phong` VALUES ('P001','D5','HANH CHINH',10),('P002','D3','GIAO VU',20),('P003','D5','THUC HANH',30),('P004','D35','GIANG DAY 1',40),('P005','D5','GIANG DAY 2',50),('P006','D5','GIANG DAY 3',100),('P007','D3','GIANG DAY 4',200),('P008','D35','GIANG DAY 5',300),('P009','D3','GIAM DOC',400),('P010','D5','GIANG DAY 6',500);
/*!40000 ALTER TABLE `phong` ENABLE KEYS */;
UNLOCK TABLES;

--
-- Temporary view structure for view `temp`
--

DROP TABLE IF EXISTS `temp`;
/*!50001 DROP VIEW IF EXISTS `temp`*/;
SET @saved_cs_client     = @@character_set_client;
/*!50503 SET character_set_client = utf8mb4 */;
/*!50001 CREATE VIEW `temp` AS SELECT 
 1 AS `maHV`,
 1 AS `tenMon`,
 1 AS `maCT`,
 1 AS `phantramhoc`*/;
SET character_set_client = @saved_cs_client;

--
-- Table structure for table `test`
--

DROP TABLE IF EXISTS `test`;
/*!40101 SET @saved_cs_client     = @@character_set_client */;
/*!50503 SET character_set_client = utf8mb4 */;
CREATE TABLE `test` (
  `maTest` varchar(10) NOT NULL,
  `tenMon` varchar(30) NOT NULL,
  `maCT` varchar(10) NOT NULL,
  `thoiGianTest` int NOT NULL,
  PRIMARY KEY (`maTest`,`tenMon`,`maCT`),
  KEY `maCT` (`maCT`,`tenMon`),
  CONSTRAINT `test_ibfk_1` FOREIGN KEY (`maCT`, `tenMon`) REFERENCES `mon` (`maCT`, `tenMon`) ON UPDATE CASCADE
) ENGINE=InnoDB DEFAULT CHARSET=utf8mb4 COLLATE=utf8mb4_0900_ai_ci;
/*!40101 SET character_set_client = @saved_cs_client */;

--
-- Dumping data for table `test`
--

LOCK TABLES `test` WRITE;
/*!40000 ALTER TABLE `test` DISABLE KEYS */;
INSERT INTO `test` VALUES ('T001','LAP TRINH JAVA','CT1',1),('T001','LAP TRINH JAVA','CT4',1),('T001','VAN HOA HAN QUOC','CT3',1),('T002','DINH LUAT XA GAN','CT2',1),('T003','LAP TRINH PYTHON','CT1',1),('T003','TIENG ANH CHUYEN NGANH','CT5',1),('T004','TOAN ROI RAC','CT4',1);
/*!40000 ALTER TABLE `test` ENABLE KEYS */;
UNLOCK TABLES;

--
-- Table structure for table `thamgiahoc`
--

DROP TABLE IF EXISTS `thamgiahoc`;
/*!40101 SET @saved_cs_client     = @@character_set_client */;
/*!50503 SET character_set_client = utf8mb4 */;
CREATE TABLE `thamgiahoc` (
  `maHV` varchar(10) NOT NULL,
  `maBH` varchar(10) NOT NULL,
  `maCT` varchar(10) NOT NULL,
  `tenMon` varchar(30) NOT NULL,
  `soGio` int NOT NULL,
  `maPhong` varchar(10) NOT NULL,
  PRIMARY KEY (`maHV`,`maBH`,`tenMon`,`maCT`),
  KEY `maPhong` (`maPhong`),
  KEY `maBH` (`maBH`,`maCT`,`tenMon`),
  CONSTRAINT `thamgiahoc_ibfk_1` FOREIGN KEY (`maPhong`) REFERENCES `phong` (`maPhong`) ON UPDATE CASCADE,
  CONSTRAINT `thamgiahoc_ibfk_2` FOREIGN KEY (`maHV`) REFERENCES `hocvien` (`maHV`) ON UPDATE CASCADE,
  CONSTRAINT `thamgiahoc_ibfk_3` FOREIGN KEY (`maBH`, `maCT`, `tenMon`) REFERENCES `buoihoc` (`maBH`, `maCT`, `tenMon`) ON UPDATE CASCADE
) ENGINE=InnoDB DEFAULT CHARSET=utf8mb4 COLLATE=utf8mb4_0900_ai_ci;
/*!40101 SET character_set_client = @saved_cs_client */;

--
-- Dumping data for table `thamgiahoc`
--

LOCK TABLES `thamgiahoc` WRITE;
/*!40000 ALTER TABLE `thamgiahoc` DISABLE KEYS */;
INSERT INTO `thamgiahoc` VALUES ('HV1','BH001','CT2','DINH LUAT XA GAN',15,'P004'),('HV1','BH001','CT1','LAP TRINH JAVA',15,'P004'),('HV1','BH002','CT2','DINH LUAT XA GAN',13,'P004'),('HV1','BH002','CT1','LAP TRINH JAVA',15,'P004'),('HV1','BH003','CT2','DINH LUAT XA GAN',10,'P004'),('HV1','BH003','CT1','LAP TRINH JAVA',15,'P004'),('HV1','BH004','CT2','DINH LUAT XA GAN',15,'P004'),('HV1','BH004','CT1','LAP TRINH JAVA',15,'P004'),('HV1','BH005','CT2','DINH LUAT XA GAN',15,'P004'),('HV1','BH011','CT1','LAP TRINH PYTHON',15,'P004'),('HV1','BH012','CT1','LAP TRINH PYTHON',15,'P004'),('HV1','BH013','CT1','LAP TRINH PYTHON',15,'P004'),('HV1','BH014','CT1','LAP TRINH PYTHON',15,'P004'),('HV1','BH015','CT1','LAP TRINH PYTHON',15,'P004'),('HV10','BH001','CT4','LAP TRINH JAVA',15,'P004'),('HV10','BH002','CT4','TOAN ROI RAC',15,'P004'),('HV10','BH003','CT4','LAP TRINH JAVA',15,'P004'),('HV10','BH004','CT4','LAP TRINH JAVA',15,'P004'),('HV10','BH005','CT4','TOAN ROI RAC',15,'P004'),('HV11','BH001','CT2','DINH LUAT XA GAN',15,'P004'),('HV11','BH001','CT1','LAP TRINH JAVA',10,'P004'),('HV11','BH002','CT2','DINH LUAT XA GAN',13,'P004'),('HV11','BH002','CT1','LAP TRINH JAVA',15,'P004'),('HV11','BH003','CT2','DINH LUAT XA GAN',14,'P004'),('HV11','BH003','CT1','LAP TRINH JAVA',10,'P004'),('HV11','BH004','CT2','DINH LUAT XA GAN',15,'P004'),('HV11','BH004','CT1','LAP TRINH JAVA',14,'P004'),('HV11','BH005','CT2','DINH LUAT XA GAN',15,'P004'),('HV11','BH011','CT1','LAP TRINH PYTHON',15,'P004'),('HV11','BH012','CT1','LAP TRINH PYTHON',10,'P004'),('HV11','BH013','CT1','LAP TRINH PYTHON',15,'P004'),('HV11','BH014','CT1','LAP TRINH PYTHON',10,'P004'),('HV11','BH015','CT1','LAP TRINH PYTHON',15,'P004'),('HV12','BH001','CT1','LAP TRINH JAVA',15,'P004'),('HV12','BH002','CT1','LAP TRINH JAVA',15,'P004'),('HV12','BH003','CT1','LAP TRINH JAVA',15,'P004'),('HV12','BH004','CT1','LAP TRINH JAVA',15,'P004'),('HV12','BH011','CT1','LAP TRINH PYTHON',15,'P004'),('HV12','BH012','CT1','LAP TRINH PYTHON',15,'P004'),('HV12','BH013','CT1','LAP TRINH PYTHON',15,'P004'),('HV12','BH014','CT1','LAP TRINH PYTHON',15,'P004'),('HV12','BH015','CT1','LAP TRINH PYTHON',15,'P004'),('HV13','BH001','CT2','DINH LUAT XA GAN',15,'P004'),('HV13','BH002','CT2','DINH LUAT XA GAN',0,'P004'),('HV13','BH003','CT2','DINH LUAT XA GAN',0,'P004'),('HV13','BH004','CT2','DINH LUAT XA GAN',0,'P004'),('HV13','BH005','CT2','DINH LUAT XA GAN',15,'P004'),('HV14','BH001','CT4','LAP TRINH JAVA',14,'P004'),('HV14','BH002','CT4','TOAN ROI RAC',15,'P004'),('HV14','BH003','CT4','LAP TRINH JAVA',15,'P004'),('HV14','BH004','CT4','LAP TRINH JAVA',15,'P004'),('HV14','BH005','CT4','TOAN ROI RAC',15,'P004'),('HV15','BH002','CT3','VAN HOA HAN QUOC',15,'P004'),('HV15','BH003','CT3','VAN HOA HAN QUOC',15,'P004'),('HV15','BH004','CT3','VAN HOA HAN QUOC',15,'P004'),('HV16','BH003','CT5','TIENG ANH CHUYEN NGANH',0,'P004'),('HV16','BH004','CT5','TIENG ANH CHUYEN NGANH',0,'P004'),('HV16','BH005','CT5','TIENG ANH CHUYEN NGANH',15,'P004'),('HV17','BH001','CT2','DINH LUAT XA GAN',15,'P004'),('HV17','BH001','CT1','LAP TRINH JAVA',15,'P004'),('HV17','BH002','CT2','DINH LUAT XA GAN',15,'P004'),('HV17','BH002','CT1','LAP TRINH JAVA',15,'P004'),('HV17','BH003','CT2','DINH LUAT XA GAN',15,'P004'),('HV17','BH003','CT1','LAP TRINH JAVA',15,'P004'),('HV17','BH004','CT2','DINH LUAT XA GAN',15,'P004'),('HV17','BH004','CT1','LAP TRINH JAVA',15,'P004'),('HV17','BH005','CT2','DINH LUAT XA GAN',15,'P004'),('HV17','BH011','CT1','LAP TRINH PYTHON',15,'P004'),('HV17','BH012','CT1','LAP TRINH PYTHON',15,'P004'),('HV17','BH013','CT1','LAP TRINH PYTHON',15,'P004'),('HV17','BH014','CT1','LAP TRINH PYTHON',15,'P004'),('HV17','BH015','CT1','LAP TRINH PYTHON',15,'P004'),('HV18','BH001','CT1','LAP TRINH JAVA',10,'P004'),('HV18','BH002','CT1','LAP TRINH JAVA',15,'P004'),('HV18','BH003','CT1','LAP TRINH JAVA',13,'P004'),('HV18','BH004','CT1','LAP TRINH JAVA',14,'P004'),('HV18','BH011','CT1','LAP TRINH PYTHON',15,'P004'),('HV18','BH012','CT1','LAP TRINH PYTHON',15,'P004'),('HV18','BH013','CT1','LAP TRINH PYTHON',15,'P004'),('HV18','BH014','CT1','LAP TRINH PYTHON',15,'P004'),('HV18','BH015','CT1','LAP TRINH PYTHON',15,'P004'),('HV19','BH001','CT2','DINH LUAT XA GAN',15,'P004'),('HV19','BH002','CT2','DINH LUAT XA GAN',0,'P004'),('HV19','BH003','CT2','DINH LUAT XA GAN',0,'P004'),('HV19','BH004','CT2','DINH LUAT XA GAN',0,'P004'),('HV19','BH005','CT2','DINH LUAT XA GAN',15,'P004'),('HV2','BH001','CT1','LAP TRINH JAVA',10,'P004'),('HV2','BH002','CT1','LAP TRINH JAVA',15,'P004'),('HV2','BH003','CT1','LAP TRINH JAVA',13,'P004'),('HV2','BH004','CT1','LAP TRINH JAVA',14,'P004'),('HV2','BH011','CT1','LAP TRINH PYTHON',15,'P004'),('HV2','BH012','CT1','LAP TRINH PYTHON',15,'P004'),('HV2','BH013','CT1','LAP TRINH PYTHON',15,'P004'),('HV2','BH014','CT1','LAP TRINH PYTHON',15,'P004'),('HV2','BH015','CT1','LAP TRINH PYTHON',15,'P004'),('HV20','BH001','CT4','LAP TRINH JAVA',10,'P004'),('HV20','BH002','CT4','TOAN ROI RAC',15,'P004'),('HV20','BH003','CT4','LAP TRINH JAVA',15,'P004'),('HV20','BH004','CT4','LAP TRINH JAVA',15,'P004'),('HV20','BH005','CT4','TOAN ROI RAC',10,'P004'),('HV21','BH001','CT2','DINH LUAT XA GAN',15,'P004'),('HV21','BH001','CT1','LAP TRINH JAVA',0,'P004'),('HV21','BH002','CT2','DINH LUAT XA GAN',15,'P004'),('HV21','BH002','CT1','LAP TRINH JAVA',1,'P004'),('HV21','BH003','CT2','DINH LUAT XA GAN',15,'P004'),('HV21','BH003','CT1','LAP TRINH JAVA',2,'P004'),('HV21','BH004','CT2','DINH LUAT XA GAN',15,'P004'),('HV21','BH004','CT1','LAP TRINH JAVA',3,'P004'),('HV21','BH005','CT2','DINH LUAT XA GAN',15,'P004'),('HV21','BH011','CT1','LAP TRINH PYTHON',4,'P004'),('HV21','BH012','CT1','LAP TRINH PYTHON',5,'P004'),('HV21','BH013','CT1','LAP TRINH PYTHON',15,'P004'),('HV21','BH014','CT1','LAP TRINH PYTHON',15,'P004'),('HV21','BH015','CT1','LAP TRINH PYTHON',15,'P004'),('HV22','BH001','CT1','LAP TRINH JAVA',10,'P004'),('HV22','BH002','CT1','LAP TRINH JAVA',15,'P004'),('HV22','BH003','CT1','LAP TRINH JAVA',13,'P004'),('HV22','BH004','CT1','LAP TRINH JAVA',14,'P004'),('HV22','BH011','CT1','LAP TRINH PYTHON',15,'P004'),('HV22','BH012','CT1','LAP TRINH PYTHON',15,'P004'),('HV22','BH013','CT1','LAP TRINH PYTHON',0,'P004'),('HV22','BH014','CT1','LAP TRINH PYTHON',15,'P004'),('HV22','BH015','CT1','LAP TRINH PYTHON',10,'P004'),('HV23','BH001','CT2','DINH LUAT XA GAN',15,'P004'),('HV23','BH002','CT2','DINH LUAT XA GAN',10,'P004'),('HV23','BH003','CT2','DINH LUAT XA GAN',8,'P004'),('HV23','BH004','CT2','DINH LUAT XA GAN',0,'P004'),('HV23','BH005','CT2','DINH LUAT XA GAN',15,'P004'),('HV24','BH001','CT4','LAP TRINH JAVA',10,'P004'),('HV24','BH002','CT4','TOAN ROI RAC',15,'P004'),('HV24','BH003','CT4','LAP TRINH JAVA',15,'P004'),('HV24','BH004','CT4','LAP TRINH JAVA',15,'P004'),('HV24','BH005','CT4','TOAN ROI RAC',15,'P004'),('HV25','BH002','CT3','VAN HOA HAN QUOC',15,'P004'),('HV25','BH003','CT3','VAN HOA HAN QUOC',7,'P004'),('HV25','BH004','CT3','VAN HOA HAN QUOC',15,'P004'),('HV26','BH003','CT5','TIENG ANH CHUYEN NGANH',15,'P004'),('HV26','BH004','CT5','TIENG ANH CHUYEN NGANH',15,'P004'),('HV26','BH005','CT5','TIENG ANH CHUYEN NGANH',15,'P004'),('HV27','BH001','CT2','DINH LUAT XA GAN',15,'P004'),('HV27','BH001','CT1','LAP TRINH JAVA',10,'P004'),('HV27','BH002','CT2','DINH LUAT XA GAN',0,'P004'),('HV27','BH002','CT1','LAP TRINH JAVA',15,'P004'),('HV27','BH003','CT2','DINH LUAT XA GAN',0,'P004'),('HV27','BH003','CT1','LAP TRINH JAVA',13,'P004'),('HV27','BH004','CT2','DINH LUAT XA GAN',0,'P004'),('HV27','BH004','CT1','LAP TRINH JAVA',14,'P004'),('HV27','BH005','CT2','DINH LUAT XA GAN',15,'P004'),('HV27','BH011','CT1','LAP TRINH PYTHON',15,'P004'),('HV27','BH012','CT1','LAP TRINH PYTHON',15,'P004'),('HV27','BH013','CT1','LAP TRINH PYTHON',15,'P004'),('HV27','BH014','CT1','LAP TRINH PYTHON',15,'P004'),('HV27','BH015','CT1','LAP TRINH PYTHON',15,'P004'),('HV28','BH001','CT1','LAP TRINH JAVA',10,'P004'),('HV28','BH002','CT1','LAP TRINH JAVA',10,'P004'),('HV28','BH003','CT1','LAP TRINH JAVA',13,'P004'),('HV28','BH004','CT1','LAP TRINH JAVA',14,'P004'),('HV28','BH011','CT1','LAP TRINH PYTHON',15,'P004'),('HV28','BH012','CT1','LAP TRINH PYTHON',15,'P004'),('HV28','BH013','CT1','LAP TRINH PYTHON',15,'P004'),('HV28','BH014','CT1','LAP TRINH PYTHON',15,'P004'),('HV28','BH015','CT1','LAP TRINH PYTHON',15,'P004'),('HV29','BH001','CT2','DINH LUAT XA GAN',15,'P004'),('HV29','BH002','CT2','DINH LUAT XA GAN',10,'P004'),('HV29','BH003','CT2','DINH LUAT XA GAN',5,'P004'),('HV29','BH004','CT2','DINH LUAT XA GAN',9,'P004'),('HV29','BH005','CT2','DINH LUAT XA GAN',15,'P004'),('HV3','BH001','CT2','DINH LUAT XA GAN',15,'P004'),('HV3','BH002','CT2','DINH LUAT XA GAN',15,'P004'),('HV3','BH003','CT2','DINH LUAT XA GAN',7,'P004'),('HV3','BH004','CT2','DINH LUAT XA GAN',10,'P004'),('HV3','BH005','CT2','DINH LUAT XA GAN',10,'P004'),('HV30','BH001','CT4','LAP TRINH JAVA',15,'P004'),('HV30','BH002','CT4','TOAN ROI RAC',15,'P004'),('HV30','BH003','CT4','LAP TRINH JAVA',15,'P004'),('HV30','BH004','CT4','LAP TRINH JAVA',15,'P004'),('HV30','BH005','CT4','TOAN ROI RAC',15,'P004'),('HV4','BH001','CT4','LAP TRINH JAVA',15,'P004'),('HV4','BH002','CT4','TOAN ROI RAC',15,'P004'),('HV4','BH003','CT4','LAP TRINH JAVA',15,'P004'),('HV4','BH004','CT4','LAP TRINH JAVA',15,'P004'),('HV4','BH005','CT4','TOAN ROI RAC',15,'P004'),('HV5','BH002','CT3','VAN HOA HAN QUOC',0,'P004'),('HV5','BH003','CT3','VAN HOA HAN QUOC',0,'P004'),('HV5','BH004','CT3','VAN HOA HAN QUOC',15,'P004'),('HV6','BH003','CT5','TIENG ANH CHUYEN NGANH',15,'P004'),('HV6','BH004','CT5','TIENG ANH CHUYEN NGANH',15,'P004'),('HV6','BH005','CT5','TIENG ANH CHUYEN NGANH',15,'P004'),('HV7','BH001','CT2','DINH LUAT XA GAN',15,'P004'),('HV7','BH001','CT1','LAP TRINH JAVA',9,'P004'),('HV7','BH002','CT2','DINH LUAT XA GAN',13,'P004'),('HV7','BH002','CT1','LAP TRINH JAVA',15,'P004'),('HV7','BH003','CT2','DINH LUAT XA GAN',14,'P004'),('HV7','BH003','CT1','LAP TRINH JAVA',13,'P004'),('HV7','BH004','CT2','DINH LUAT XA GAN',15,'P004'),('HV7','BH004','CT1','LAP TRINH JAVA',14,'P004'),('HV7','BH005','CT2','DINH LUAT XA GAN',15,'P004'),('HV7','BH011','CT1','LAP TRINH PYTHON',15,'P004'),('HV7','BH012','CT1','LAP TRINH PYTHON',15,'P004'),('HV7','BH013','CT1','LAP TRINH PYTHON',15,'P004'),('HV7','BH014','CT1','LAP TRINH PYTHON',9,'P004'),('HV7','BH015','CT1','LAP TRINH PYTHON',15,'P004'),('HV8','BH001','CT1','LAP TRINH JAVA',10,'P004'),('HV8','BH002','CT1','LAP TRINH JAVA',0,'P004'),('HV8','BH003','CT1','LAP TRINH JAVA',13,'P004'),('HV8','BH004','CT1','LAP TRINH JAVA',14,'P004'),('HV8','BH011','CT1','LAP TRINH PYTHON',1,'P004'),('HV8','BH012','CT1','LAP TRINH PYTHON',15,'P004'),('HV8','BH013','CT1','LAP TRINH PYTHON',15,'P004'),('HV8','BH014','CT1','LAP TRINH PYTHON',9,'P004'),('HV8','BH015','CT1','LAP TRINH PYTHON',15,'P004'),('HV9','BH001','CT2','DINH LUAT XA GAN',15,'P004'),('HV9','BH002','CT2','DINH LUAT XA GAN',13,'P004'),('HV9','BH003','CT2','DINH LUAT XA GAN',14,'P004'),('HV9','BH004','CT2','DINH LUAT XA GAN',15,'P004'),('HV9','BH005','CT2','DINH LUAT XA GAN',15,'P004');
/*!40000 ALTER TABLE `thamgiahoc` ENABLE KEYS */;
UNLOCK TABLES;

--
-- Table structure for table `thamgiatest`
--

DROP TABLE IF EXISTS `thamgiatest`;
/*!40101 SET @saved_cs_client     = @@character_set_client */;
/*!50503 SET character_set_client = utf8mb4 */;
CREATE TABLE `thamgiatest` (
  `maTest` varchar(10) NOT NULL,
  `maHV` varchar(10) NOT NULL,
  `tenMon` varchar(30) NOT NULL,
  `maCT` varchar(10) NOT NULL,
  `diem` int NOT NULL,
  `maPhong` varchar(10) NOT NULL,
  PRIMARY KEY (`maTest`,`maHV`,`tenMon`,`maCT`),
  KEY `maHV` (`maHV`),
  KEY `maPhong` (`maPhong`),
  KEY `maTest` (`maTest`,`tenMon`,`maCT`),
  CONSTRAINT `thamgiatest_ibfk_1` FOREIGN KEY (`maHV`) REFERENCES `hocvien` (`maHV`) ON UPDATE CASCADE,
  CONSTRAINT `thamgiatest_ibfk_2` FOREIGN KEY (`maPhong`) REFERENCES `phong` (`maPhong`) ON UPDATE CASCADE,
  CONSTRAINT `thamgiatest_ibfk_3` FOREIGN KEY (`maTest`, `tenMon`, `maCT`) REFERENCES `test` (`maTest`, `tenMon`, `maCT`) ON UPDATE CASCADE
) ENGINE=InnoDB DEFAULT CHARSET=utf8mb4 COLLATE=utf8mb4_0900_ai_ci;
/*!40101 SET character_set_client = @saved_cs_client */;

--
-- Dumping data for table `thamgiatest`
--

LOCK TABLES `thamgiatest` WRITE;
/*!40000 ALTER TABLE `thamgiatest` DISABLE KEYS */;
INSERT INTO `thamgiatest` VALUES ('T001','HV1','LAP TRINH JAVA','CT1',5,'P010'),('T001','HV10','LAP TRINH JAVA','CT4',10,'P010'),('T001','HV11','LAP TRINH JAVA','CT1',10,'P010'),('T001','HV12','LAP TRINH JAVA','CT1',9,'P010'),('T001','HV14','LAP TRINH JAVA','CT4',6,'P010'),('T001','HV15','VAN HOA HAN QUOC','CT3',8,'P010'),('T001','HV17','LAP TRINH JAVA','CT1',10,'P010'),('T001','HV18','LAP TRINH JAVA','CT1',7,'P010'),('T001','HV2','LAP TRINH JAVA','CT1',4,'P010'),('T001','HV20','LAP TRINH JAVA','CT4',9,'P010'),('T001','HV21','LAP TRINH JAVA','CT1',5,'P010'),('T001','HV22','LAP TRINH JAVA','CT1',6,'P010'),('T001','HV24','LAP TRINH JAVA','CT4',9,'P010'),('T001','HV25','VAN HOA HAN QUOC','CT3',10,'P010'),('T001','HV27','LAP TRINH JAVA','CT1',5,'P010'),('T001','HV28','LAP TRINH JAVA','CT1',4,'P010'),('T001','HV30','LAP TRINH JAVA','CT4',9,'P010'),('T001','HV4','LAP TRINH JAVA','CT4',9,'P010'),('T001','HV5','VAN HOA HAN QUOC','CT3',8,'P010'),('T001','HV7','LAP TRINH JAVA','CT1',5,'P010'),('T001','HV8','LAP TRINH JAVA','CT1',5,'P010'),('T002','HV1','DINH LUAT XA GAN','CT2',9,'P010'),('T002','HV11','DINH LUAT XA GAN','CT2',7,'P010'),('T002','HV13','DINH LUAT XA GAN','CT2',7,'P010'),('T002','HV17','DINH LUAT XA GAN','CT2',10,'P010'),('T002','HV19','DINH LUAT XA GAN','CT2',7,'P010'),('T002','HV21','DINH LUAT XA GAN','CT2',4,'P010'),('T002','HV23','DINH LUAT XA GAN','CT2',7,'P010'),('T002','HV27','DINH LUAT XA GAN','CT2',10,'P010'),('T002','HV29','DINH LUAT XA GAN','CT2',7,'P010'),('T002','HV3','DINH LUAT XA GAN','CT2',7,'P010'),('T002','HV7','DINH LUAT XA GAN','CT2',10,'P010'),('T002','HV9','DINH LUAT XA GAN','CT2',7,'P010'),('T003','HV1','LAP TRINH PYTHON','CT1',10,'P010'),('T003','HV11','LAP TRINH PYTHON','CT1',0,'P010'),('T003','HV12','LAP TRINH PYTHON','CT1',3,'P010'),('T003','HV16','TIENG ANH CHUYEN NGANH','CT5',9,'P008'),('T003','HV17','LAP TRINH PYTHON','CT1',10,'P010'),('T003','HV18','LAP TRINH PYTHON','CT1',3,'P010'),('T003','HV2','LAP TRINH PYTHON','CT1',3,'P010'),('T003','HV21','LAP TRINH PYTHON','CT1',10,'P010'),('T003','HV22','LAP TRINH PYTHON','CT1',3,'P010'),('T003','HV26','TIENG ANH CHUYEN NGANH','CT5',4,'P008'),('T003','HV27','LAP TRINH PYTHON','CT1',3,'P010'),('T003','HV28','LAP TRINH PYTHON','CT1',3,'P010'),('T003','HV6','TIENG ANH CHUYEN NGANH','CT5',4,'P008'),('T003','HV7','LAP TRINH PYTHON','CT1',10,'P010'),('T003','HV8','LAP TRINH PYTHON','CT1',5,'P010'),('T004','HV10','TOAN ROI RAC','CT4',10,'P010'),('T004','HV14','TOAN ROI RAC','CT4',10,'P010'),('T004','HV20','TOAN ROI RAC','CT4',2,'P010'),('T004','HV24','TOAN ROI RAC','CT4',5,'P010'),('T004','HV30','TOAN ROI RAC','CT4',10,'P010'),('T004','HV4','TOAN ROI RAC','CT4',5,'P010');
/*!40000 ALTER TABLE `thamgiatest` ENABLE KEYS */;
UNLOCK TABLES;

--
-- Final view structure for view `kq`
--

/*!50001 DROP VIEW IF EXISTS `kq`*/;
/*!50001 SET @saved_cs_client          = @@character_set_client */;
/*!50001 SET @saved_cs_results         = @@character_set_results */;
/*!50001 SET @saved_col_connection     = @@collation_connection */;
/*!50001 SET character_set_client      = utf8mb4 */;
/*!50001 SET character_set_results     = utf8mb4 */;
/*!50001 SET collation_connection      = utf8mb4_0900_ai_ci */;
/*!50001 CREATE ALGORITHM=UNDEFINED */
/*!50013 DEFINER=`root`@`localhost` SQL SECURITY DEFINER */
/*!50001 VIEW `kq` AS select `c`.`maGV` AS `maGV`,sum(`c`.`tienMoiMon`) AS `luong` from (select `mon`.`maCT` AS `maCT`,`b`.`maGV` AS `maGV`,`mon`.`tenMon` AS `tenMon`,`b`.`soBuoiDay` AS `soBuoiDay`,(`mon`.`rate` * `b`.`soBuoiDay`) AS `tienMoiMon` from (`mon` join (select `a`.`maGV` AS `maGV`,`a`.`maCT` AS `maCT`,`a`.`tenMon` AS `tenMon`,count(`a`.`maBH`) AS `soBuoiDay` from (select `day`.`maGV` AS `maGV`,`day`.`maCT` AS `maCT`,`day`.`tenMon` AS `tenMon`,`day`.`maBH` AS `maBH` from `day` group by `day`.`maGV`,`day`.`maCT`,`day`.`maBH`,`day`.`tenMon`) `a` group by `a`.`maGV`,`a`.`maCT`,`a`.`tenMon`) `b`) where ((`mon`.`maCT` = `b`.`maCT`) and (`mon`.`tenMon` = `b`.`tenMon`))) `c` group by `c`.`maGV` union all select `f`.`maGVTG` AS `maGV`,sum(`f`.`tienMoiMonTroGiang`) AS `luong` from (select `mon`.`maCT` AS `maCT`,`e`.`maGVTG` AS `maGVTG`,`mon`.`tenMon` AS `tenMon`,`e`.`soBuoiTroGiang` AS `soBuoiTroGiang`,((`mon`.`rate` / 2) * `e`.`soBuoiTroGiang`) AS `tienMoiMonTroGiang` from (`mon` join (select `d`.`maCT` AS `maCT`,`d`.`maGV` AS `maGV`,`d`.`tenMon` AS `tenMon`,`d`.`maGVTG` AS `maGVTG`,count(`d`.`maBH`) AS `soBuoiTroGiang` from (select `day`.`maGV` AS `maGV`,`day`.`maCT` AS `maCT`,`day`.`tenMon` AS `tenMon`,`day`.`maBH` AS `maBH`,`day`.`maGVTG` AS `maGVTG` from `day` where (`day`.`maGVTG` is not null) group by `day`.`maGV`,`day`.`maCT`,`day`.`maBH`,`day`.`tenMon`,`day`.`maGVTG`) `d` group by `d`.`maCT`,`d`.`tenMon`,`d`.`maGVTG`) `e`) where ((`mon`.`maCT` = `e`.`maCT`) and (`mon`.`tenMon` = `e`.`tenMon`))) `f` group by `f`.`maGVTG` */;
/*!50001 SET character_set_client      = @saved_cs_client */;
/*!50001 SET character_set_results     = @saved_cs_results */;
/*!50001 SET collation_connection      = @saved_col_connection */;

--
-- Final view structure for view `temp`
--

/*!50001 DROP VIEW IF EXISTS `temp`*/;
/*!50001 SET @saved_cs_client          = @@character_set_client */;
/*!50001 SET @saved_cs_results         = @@character_set_results */;
/*!50001 SET @saved_col_connection     = @@collation_connection */;
/*!50001 SET character_set_client      = utf8mb4 */;
/*!50001 SET character_set_results     = utf8mb4 */;
/*!50001 SET collation_connection      = utf8mb4_0900_ai_ci */;
/*!50001 CREATE ALGORITHM=UNDEFINED */
/*!50013 DEFINER=`root`@`localhost` SQL SECURITY DEFINER */
/*!50001 VIEW `temp` AS select `a`.`maHV` AS `maHV`,`a`.`tenMon` AS `tenMon`,`a`.`maCT` AS `maCT`,(`a`.`tongGioM` / (`mon`.`soTinChi` * 15)) AS `phantramhoc` from ((select `thamgiahoc`.`maHV` AS `maHV`,`thamgiahoc`.`tenMon` AS `tenMon`,`thamgiahoc`.`maCT` AS `maCT`,sum(`thamgiahoc`.`soGio`) AS `tongGioM` from `thamgiahoc` group by `thamgiahoc`.`maHV`,`thamgiahoc`.`tenMon`,`thamgiahoc`.`maCT`) `a` join `mon`) where ((`a`.`tenMon` = `mon`.`tenMon`) and (`a`.`maCT` = `mon`.`maCT`)) */;
/*!50001 SET character_set_client      = @saved_cs_client */;
/*!50001 SET character_set_results     = @saved_cs_results */;
/*!50001 SET collation_connection      = @saved_col_connection */;
/*!40103 SET TIME_ZONE=@OLD_TIME_ZONE */;

/*!40101 SET SQL_MODE=@OLD_SQL_MODE */;
/*!40014 SET FOREIGN_KEY_CHECKS=@OLD_FOREIGN_KEY_CHECKS */;
/*!40014 SET UNIQUE_CHECKS=@OLD_UNIQUE_CHECKS */;
/*!40101 SET CHARACTER_SET_CLIENT=@OLD_CHARACTER_SET_CLIENT */;
/*!40101 SET CHARACTER_SET_RESULTS=@OLD_CHARACTER_SET_RESULTS */;
/*!40101 SET COLLATION_CONNECTION=@OLD_COLLATION_CONNECTION */;
/*!40111 SET SQL_NOTES=@OLD_SQL_NOTES */;

-- Dump completed on 2020-07-22 14:31:30
